{
  "roc_auc": 0.8105156637905232,
  "average_precision": 0.8084186650173598,
  "classification_report": {
    "0": {
      "precision": 0.8467872738615096,
      "recall": 1.0,
      "f1-score": 0.9170382380759357,
      "support": 6787.0
    },
    "1": {
      "precision": 1.0,
      "recall": 0.617802676626206,
      "f1-score": 0.7637552904963447,
      "support": 3213.0
    },
    "accuracy": 0.8772,
    "macro avg": {
      "precision": 0.9233936369307548,
      "recall": 0.808901338313103,
      "f1-score": 0.8403967642861402,
      "support": 10000.0
    },
    "weighted avg": {
      "precision": 0.8960145227698068,
      "recall": 0.8772,
      "f1-score": 0.8677884270186133,
      "support": 10000.0
    }
  }
}
